<?xml version="1.0" encoding="UTF-8"?>
<jcr:root xmlns:sling="http://sling.apache.org/jcr/sling/1.0" xmlns:cq="http://www.day.com/jcr/cq/1.0" xmlns:jcr="http://www.jcp.org/jcr/1.0" xmlns:nt="http://www.jcp.org/jcr/nt/1.0"
    jcr:primaryType="nt:unstructured"
    jcr:title="Properties"
    sling:resourceType="cq/gui/components/authoring/dialog">
    <content
        jcr:primaryType="nt:unstructured"
        sling:resourceType="granite/ui/components/foundation/container">
        <layout
            jcr:primaryType="nt:unstructured"
            sling:resourceType="granite/ui/components/foundation/layouts/fixedcolumns"/>
        <items jcr:primaryType="nt:unstructured">
            <column
                jcr:primaryType="nt:unstructured"
                sling:resourceType="granite/ui/components/foundation/container">
                <items jcr:primaryType="nt:unstructured">
                    <targetProductName
                        jcr:primaryType="nt:unstructured"
                        sling:resourceType="granite/ui/components/foundation/form/select"
                        fieldDescription="Products"
                        name="./targetProductName"
                        value="cappuccino">
                        <items jcr:primaryType="nt:unstructured">
                             <coffee
                                 jcr:primaryType="nt:unstructured"
                                 text="Cappuccino"
                                 value="cappuccino"/>
                             <food
                                  jcr:primaryType="nt:unstructured"
                                  text="Mocha"
                                  value="mocha"/>
                             <christmas
                                  jcr:primaryType="nt:unstructured"
                                  text="Latte"
                                  value="latte"/>
                        </items>
                </items>
            </column>
        </items>
    </content>
</jcr:root>
